,characterId,urname
0,4663274c8e493bb43274ce15768a8cb9,ID결신
0,45737067e047d0ee8dc255c53f150a68,연단된총
0,,#NAME?
0,4d0d7052aa62f8899489c9ad0011267c,킴던던
0,4d9cccd884cbb336d9c9f3fe48a13457,구슬모양
0,3f979163c3355c45e6e8e4dd5040a52e,딜좀이놈들아
0,f1cbbdc57c7b2d103c031faae86eea8d,impact♥
0,def1471be095f9265bec55fed30ab30d,커다란혹덩이
0,fd420d684a1f27a2ec480bb88945574c,진인챈
0,fa4d132ffe560a92f70c78084d599ba0,세피디아
0,0944b872c440a1218533462cad66ca31,잔나비궁극힐
0,095e7f5d9325f6773dbdbdd83ecff603,이거여캐래요
0,0d2671f1664ec963e946f1eac740ffd1,뮤즈에뭉
0,000736e239c44d8c0c3d17b69cf41aaf,방패유희
0,03e60164e84479b8291d2d3c20eba91d,고보드
0,06ca87467f88713ff620d9ae8768be72,문죠
0,04907ec8a5bfd5f8b2009f7f461eec82,아르쿠비니
0,0428214c0157fb5ea2a9cd1b5813c2ec,앰프드
0,bc6325e8891fd0ed82b7d13756da7cf2,삶이없는스핏
0,b09eedea7430f05503958345b5ef0801,검귀잉
0,b3c593fb15f9b8d060f190d7d6a71010,단검애자임?
0,b44913ec955b2a8f6aae0b6218cc8d4b,청발아이돌
0,bdebadb7ca8bc767d0a867d8ad03956a,무척약해요
0,be0d72f472647b60aa813b83cfe8d2a1,포승줄
0,2f6ffb2148dd57bb854d1f8f6bc8e2a8,헨씬하는림림
0,3047cd673221130ff9acc5614c6eb596,찍먹-
0,2fb5f0c49b358cb0077741b822df94d6,인파잉
0,,닼....
0,2e909cfce94f6dca9b564d2a9384040f,넨의처녀
0,233b4edf48d2ad5d2c17a879226ef59c,THISPLUS
0,20b0329164ff7f4de9fd1ef964f8934b,검신이징
0,2102300cdd833d4bda1355c5e8a80437,까불인데요^^
0,d472541cfc1b4f68a8b67265ddcf2720,ハンギル
0,caac54607cee766b07aa7edde8615f53,옵티♡머스
0,,아수라말봘타
0,c986c67345ae401c47b133fa676f63c5,K.라핌
0,c49c6158ea542f822bee38baecc7d24d,검사윤석10
0,cf2499835021cd016c3812cba7ce79d7,헉로키
0,552f3bd0a79dad3b375b0ca83b9d3a18,썰려보실
0,,원투쩁
0,680bf803a214eb530183f99b02fb1fde,잘생긴_효송
0,5a0f428c9d781c114bbd92b53a0937fb,귀여운땃쥐
0,593868c99570a9e2559ff29d21ce5fc0,특신오의배마
0,63da58d14612dd8845551931a9c37063,수속로그
0,65865cff587961705b0c3a5ab742af5f,망치로찢어요
0,6d294601ee7e860ab0e12a91ae6878cd,꿀빨킴
0,67ab779405e80d6813c142e00eb6ff2b,블레이드.
0,69396a9edf8b5d32aaa3a4a59a79cb3c,혜성쓰인첸
0,106fd6cfdbbbfb0a357a75b16fbeb7d5,[CNC]
0,,으앙앜앜
0,41e18962f36e12529a6f67618c9b7910,우유속의저주
0,4ef2fde26f75f6a237df6f3d685c095c,泰龍
0,477c0cea3de1314a651638b8ef7a816f,욍욍팔라딘
0,4d8dc7af66342151ecbf035e851a43b5,팔라하연
0,f9a2a97248c53767c25f60c645542bac,버프싸는년
0,f80b35657a1e21939702d0425bc50b7b,대한민국넨마
0,ecb64c6f95de7cb35d4e3bd6425a3e84,슈하르트
0,bf40cc633e5a432d12d95206ba4ca65b,hollee
0,b3a4e59642727b79a8525e91029077e5,트라우마팀
0,a7edee64899e2be1933a2d94d78eabb2,나만할거야
0,d22304fe2796ee589cc7ebc77f26eb68,랩터어
0,c4d7e00cdb942fb5fe84310c06e32292,황금극장
0,c234e50c7599d7ee94a4efd431bdc236,버프새우춤
0,c8eca926899aae312edd66cf0f4f36a2,BitterCold
0,97f169b43864d8cc6ea32d2b6607adf2,승리가아니면
0,a2e4d3d150eaadd8c6ab52517fabd312,대리비안오리
0,8f3e35fd0d61cd9b8b6ce7bef68806ef,Fr이야
0,8ad7c43771e3df4efb5c9e6016e37ebf,강력븜
0,8a1c4dc43fc1a27f473bc7c1166aac32,검마그현
0,89bd06bd39237edbf33fc3d538b4ead2,감자국병아리
0,317aaa7c49aadf6f156f7531da19a394,너또해
0,3151213f6b6a79938e5f4090033e6a09,우길처럼
0,305b11cf8af41b7e50442660796cbff9,swinging
0,31f9babe6916c5895c7677a01038e41c,애일라의기도
0,3607e551cd8400855f9e717c22339118,유리사마
0,1b88e85b31aa7580ebea7755dfd24ac1,비상한기사
0,2b50d868f1bd22588aefcea28fae2fca,트롤미드누누
0,,줜나약한캐릭
0,2422489bf474fc34ebf765760a14f21f,만렙멱살잡이
0,272693973ad8ac6521116c668436df07,쥬래곤간다잇
0,,제노앵우
0,52957214e2ee19c30ba0107534dc92ae,패퇘
0,5c763d774aef7787642e1eb5352a145a,얼음[화]
0,5cda9b309b206b82b7f9322096f1534f,M친녀자
0,4d0a41c22ddba39dbd4129852d4c100b,나이따기모띠
0,50f20e2c5d5a4d42bdfd7ee49cb49df6,프리스트인데
0,8b4114b6ce0685701b098e10c8075715,IA_인성
0,978d707df12835447ecf552b8304f0d0,뮤즈유이
0,d64e78086cd9970e8d67a07e072ffc30,신님의영광
0,d6b4ba8fcb93bd184a370e3fc08f23ae,-집자-
0,6b7da9d6c61058e1c4ed8b39344291b0,[꽃녀]
0,dd07ea2eb140d029737a77c249b0beda,치우패
0,eee6c87d375e7b4cfd019b078885f4ad,운남혈귀
0,,홀리헠헠
0,3417fc14897e42e48b1cf10c07ffa9f8,파트라슈14세
0,321a574a4e5b1a44fc19757fbbc48450,★찐드★
0,bf4f4ef709d770c28a019b0448aae6c7,렉븜출동
0,bdcffb649ccbed76521a1e84af75e081,비미오
0,af320b2e4adbce0e38872e4d9d560e93,뮴믐미
0,a9e5f449a04c231fa7ee2b18fd690374,--헤카테--
0,4a464d36d55c3efe10f7615e3030ce0f,자목련꽃
0,3c3291ba64aac225e5430bf62b654581,화양씨
0,3ce6e1320221b1e199318058484fb29c,재워닝
0,371ab5579cc20e321ab9da40b037b9c2,무자본소환사
0,8195f9bea53746defb52a329e4282260,백어택피자
0,ed44a7d077221b22fea080b8b1a13733,부강의용
0,f2b9297fe422989f12b7c8df8e365f03,아질산나트륨
0,fc7e564dc7ebb14fe04ee9832594e9a7,재택교육
0,c112db92dd2bb96c29c3505d87955174,여크루♤
0,cc08868260bc930d15c7f8ddf34a5d31,지긋한
0,ce49c130faeae061a7ff45f4b62c4166,SwordL
0,d2d9363f7836a1b1b9fe9d982dfac156,에나홀
0,d0aba24877f1007961080eca656e03c9,리벨라이트
0,56bfb4a06ee3c649db0061ab19dcea1e,지뽕이
0,2451270bfa2272028751ecffd405a8a5,마조검
0,1de9531714aad50f4929fd2f88a5a260,카이텐
0,1e08b4bae31f301e6564da745fd83045,용언
0,35437b52b6f0cb08ceb1137bf59a9394,팔라나이스2
0,2ed05f47d642e4c033835247ae5fa339,HappyDay
0,2c320ba3688c2972c9ac1847a2724ded,Waltz_섀댄
0,0b9cd8552c00a0fa3cca492fd6350424,흉별
0,ab64596e71d38028092a87810592f94f,어둡게베는거
0,b276c27384183c7602afb27071c7d659,겐마님의수족
0,c046d095526eedbc80b2932957b367c9,김라딘띠
0,bdb8745c042ff113772542ad207689ef,난잡
0,a9ecd4c154efdc690530a2b4bbafb9a0,밤위급
0,ba567221a03fe3d5b532503a2c8b3b6a,식스라면
0,a7dbe8b28f2568ad98cc63f01b02ec1d,잘못된장풍
0,,춴
0,,벞싸개
0,8ba3d19d43fbaf84e25085f5b1a6015b,매회
0,99110243c7cde9b168de72ca2bf95f64,q블레이드p
0,81fc382a30becf892ab986b5fad7a819,엘마0823
0,86dec90609d52c402b5f0e7e32330600,븜딱붐은없다
0,71b61c1e9a38a5cbca4978ee061ec682,콸라딘
0,79782dec2c766e2bd2d23bb8413da0b7,안적어
0,7ead8ce9354ca5b3e382099355598535,박수진_
0,78c1deea9fbab4dbac5b0766a9793753,아재너구리
0,7d05d4d11e3e0669aae50babe60adae5,니알리함락봉
0,,끠라핌
0,555f2a2542c00899e9d0781a4df043c2,힘캐만키움
0,6c13c507aeb0fd29a155bfe5951a73d7,날한번믿어봐
0,64881b4821267edb07c5bd9d511315d1,진리의에픽빔
0,63ea936b7879dc245e6c55952279298e,망고맛스푸
0,8eb3b30645f79608365bdede2f3a2399,Anais_Flora
0,cc1d77426f22944588da69aa67e09ed6,노희덕
0,d6b3c512bbd4f1c336f7e1c252665b7e,쏘꿍
0,d4fcdb2f0835581680a3c06955b04594,진짜사악해
0,c53d3587110c80592da9cf67871d60de,아트아쳐
0,005dc904b7dc16b760434264070ef819,구멍난월각
0,177f456336daeccbd21ef987e489880f,ⓞ∇ⓞ∂
0,f9b30a92d1eacaf7eb13167dabc952bb,다라
0,fcc125cdd3a3206c377452847b99df71,여제널
0,edc77c796715eb74af4f4908804b8ecc,유카르헨
0,f312e565f09549bcedef969b3f39f1a1,권태어썰트
0,e4507457f9cb7223fa2ee30ed1b01987,한입메이든
0,e471b98d56734e78b500891da7f32010,스파로봇
0,7ca0f4a09a9cb218e997b5bbf0347edd,봇?치
0,7b93f04982ab2a19097a6d0301450caa,♣에반
0,7ad04800d4b12fb86bf369529f2a12f1,흑요오너
0,404edf2c450d1cc29f8eef0043bae022,리리컬
0,af276079e1ff0bd7495969ad93af17ee,손흥민호
0,abd46fb7eeaa386bace4f18195a95160,검귀코른
0,b741442a6abe6d644c105e4d35d063fa,마르♣오페라
0,b449afca5a4c41beb3b3bba55a798649,chirpy
0,91639e60a353df955247df2488407748,키루나C
0,935a76ba340433b5262d7a6c069e0fee,앗령
0,98b7c0914d5c3ba620df0f10b8cf50f8,푸딩지니
0,8b6cead24dcb5f823abd9f9b1704da9c,왔쫑
0,e55a0f2885c32e6eb080ca47069a987a,북극폭풍쿠마
0,df9d54aaba1396dd6c874417a487cee0,『너클』
0,faccd14c1a7b930f9e6afa37a70fa49b,키에리
0,f169506334f825e5559afa17c098cf24,참철처에양
0,eba6870a7b598da45e993f49ad654712,짱다핌
0,f41951b4cc016e6f1b093ea8b070dfb9,모카브레드
0,f6392caba533374970060b5a634b53ca,B2C
0,d61a8bc211055c4818329720695029df,로마교황
0,d609ea5c349dca0f97cdcb41a6bb1a3a,달빛아이루나
0,c62ddacd4ad88ae6c70f098d9bf22bf0,혈배메
0,cacd59eb882edac8a486349a3b4f789b,봄베이브램블
0,49b8ca75c6478265c006a4f6292be833,유르포저
0,4ca8d5ae7d44e00e9412ffb66f69920f,참치욤
0,18e5b737e19a853e8b527f86c9efdbd6,따님분
0,01eca9a63edfdafa69b0d7ca7f201592,짬룡용
0,01eca9a63edfdafa69b0d7ca7f201592,짬룡용
0,36a6f3f1fd7bf12e590baa621e5f3ab7,친구네아빠
0,2c45e23642136884864524ef3478adb0,흑발미소녀
0,24446897a16130a8e60adce10146ce7b,참썰트
0,246b4955a2006585d739c12bdfc6513b,귀축렉븜
0,1f4862284087f26a82c15eeaa15c7ac5,달달한벤데타
0,2212d142446df21d156a402ea1fc03c9,에픽빔세이더
0,7ce0fbb7749a5e320eb819e1ee7be425,★폐월수화™
0,7697938c73165f73c464bd720244019b,고운말_45581
0,78c8850ee0da66d15de359b7c77bf718,Zoomone
0,7838884c6cb1177435354a228403bc6c,바드맛코크
0,5e42e08a9ea1d4b51c4b2cfb3b10e951,은닢하나
0,a5b2fe60debbc55fa39d6bcc7d17cf80,사이위티아
0,af2f466f85c3e0556c2b739f060e5890,아가궁궐
0,b7d13e3d9d0c2d6a3f1c491954408389,라핌일까요?
0,be482a602f90f09752a0c0e9420d8111,초절뮤즈
